{"cameraMode":{"drawMode":2,"name":"Shaded Wireframe","section":"Shading Mode"},"sceneLighting":true,"audioPlay":false,"sceneViewState":{"showFog":true,"showMaterialUpdate":false,"showSkybox":true,"showFlares":true,"showImageEffects":true,"showParticleSystems":true},"in2DMode":false,"pivot":{"x":0.0,"y":12.500001907348633,"z":-0.0000019073486328125},"rotation":{"x":-0.13842278718948365,"y":0.5844194889068604,"z":-0.1020108163356781,"w":-0.7930238842964172},"size":206.73629760742188,"orthographic":false}