{"cameraMode":{"drawMode":0,"name":"Shaded","section":"Shading Mode"},"sceneLighting":true,"audioPlay":false,"sceneViewState":{"showFog":true,"showMaterialUpdate":false,"showSkybox":true,"showFlares":true,"showImageEffects":true,"showParticleSystems":true},"in2DMode":false,"pivot":{"x":-0.7262954711914063,"y":75.91844940185547,"z":-3.920257568359375},"rotation":{"x":-0.010125620290637017,"y":0.7499353885650635,"z":-0.011482104659080506,"w":-0.6613345742225647},"size":150.34376525878907,"orthographic":false}